relative_path,size_bytes,T,Z,C,Y,X,channel_names,channel_contract_ok,loop_types,timestamp_source,timestamp_count,dt_median_s,dt_min_s,dt_max_s,dt_cv,dt_max_to_median,status
fov10_2.5h/LiveFISH DSB009.nd2,8880144384,40,5,3,2720,2720,CF GFP SINGLE1_YZ|CF RFP SINGLE1_yz|CF Cy5 SINGLE_YZ,true,NETimeLoop|ZStackLoop,frame_metadata.relativeTimeMs,40,9.30562125,8.9397525,9.64471125,0.0155287485,1.03643927,spt_ready_time_axis
fov11_2.5h/LiveFISH DSB010.nd2,8880144384,40,5,3,2720,2720,CF GFP SINGLE1_YZ|CF RFP SINGLE1_yz|CF Cy5 SINGLE_YZ,true,NETimeLoop|ZStackLoop,frame_metadata.relativeTimeMs,40,5.2168125,4.9044075,5.41270125,0.0250734752,1.03754951,spt_ready_time_axis
fov12_2.5h/LiveFISH DSB011.nd2,8880144384,40,5,3,2720,2720,CF GFP SINGLE1_YZ|CF RFP SINGLE1_yz|CF Cy5 SINGLE_YZ,true,NETimeLoop|ZStackLoop,frame_metadata.relativeTimeMs,40,5.243895,5.07716625,5.443725,0.0165473399,1.03810717,spt_ready_time_axis
fov13_2.5h/LiveFISH DSB012.nd2,8880144384,40,5,3,2720,2720,CF GFP SINGLE1_YZ|CF RFP SINGLE1_yz|CF Cy5 SINGLE_YZ,true,NETimeLoop|ZStackLoop,frame_metadata.relativeTimeMs,40,8.63219625,8.3035725,9.00451875,0.0171472896,1.04313184,spt_ready_time_axis
fov14_3h/LiveFISH DSB013.nd2,8880136192,200,1,3,2720,2720,CF GFP SINGLE1_YZ|CF RFP SINGLE1_yz|CF Cy5 SINGLE_YZ,true,NETimeLoop,frame_metadata.relativeTimeMs,200,1.00705125,0.9560625,1.36441875,0.0355041075,1.35486526,review_nonuniform_time
fov15 3h_1s/LiveFISH DSB014.nd2,8880136192,200,1,3,2720,2720,CF GFP SINGLE1_YZ|CF RFP SINGLE1_yz|CF Cy5 SINGLE_YZ,true,NETimeLoop,frame_metadata.relativeTimeMs,200,1.00773375,0.96862875,1.3401675,0.0287651623,1.32988252,review_nonuniform_time
fov16 3h/LiveFISH DSB015.nd2,8880136192,200,1,3,2720,2720,CF GFP SINGLE1_YZ|CF RFP SINGLE1_yz|CF Cy5 SINGLE_YZ,true,NETimeLoop,frame_metadata.relativeTimeMs,200,1.00782,0.88064625,1.59243,0.0973954704,1.58007382,review_nonuniform_time
fov17_3h_forZH/LiveFISH 3h_DSB016.nd2,8880463872,200,1,3,2720,2720,CF GFP SINGLE1_YZ|CF RFP SINGLE1_yz|CF Cy5 SINGLE_YZ,true,NETimeLoop,frame_metadata.relativeTimeMs,200,1.0077,0.89572875,1.15749375,0.0184456991,1.14864915,spt_ready_time_axis
fov18_3.5h/LiveFISH DSB017.nd2,22199468032,500,1,3,2720,2720,CF GFP SINGLE1_YZ|CF RFP SINGLE1_yz|CF Cy5 SINGLE_YZ,true,NETimeLoop,frame_metadata.relativeTimeMs,500,1.0072875,0.89660625,2.3018175,0.0625507421,2.28516436,review_nonuniform_time
fov19_3.5h/LiveFISH DSB018.nd2,13319798784,100,3,3,2720,2720,CF GFP SINGLE1_YZ|CF RFP SINGLE1_yz|CF Cy5 SINGLE_YZ,true,NETimeLoop|ZStackLoop,frame_metadata.relativeTimeMs,100,7.6378275,7.30563375,8.259555,0.0208293046,1.08140109,spt_ready_time_axis
fov1_1.5h/LiveFISH DSB.nd2,489238528,1,11,3,2720,2720,CF GFP SINGLE1_YZ|CF RFP SINGLE1_yz|CF Cy5 SINGLE_YZ,true,ZStackLoop,frame_metadata.relativeTimeMs,1,,,,,,segmentation_only_single_timepoint
fov20_3.5h/LiveFISH DSB020.nd2,666755072,5,3,3,2720,2720,CF GFP SINGLE1_YZ|CF RFP SINGLE1_yz|CF Cy5 SINGLE_YZ,true,NETimeLoop|ZStackLoop,frame_metadata.relativeTimeMs,5,5.10069938,4.95507375,5.26070625,0.0213025639,1.0313696,spt_ready_time_axis
fov21_3.5h/LiveFISH DSB021.nd2,666755072,5,3,3,2720,2720,CF GFP SINGLE1_YZ|CF RFP SINGLE1_yz|CF Cy5 SINGLE_YZ,true,NETimeLoop|ZStackLoop,frame_metadata.relativeTimeMs,5,4.93494937,4.90878,5.09376375,0.0148395991,1.03218156,spt_ready_time_axis
fov22_4h/LiveFISH DSB022.nd2,6660292608,50,3,3,2720,2720,CF GFP SINGLE1_YZ|CF RFP SINGLE1_yz|CF Cy5 SINGLE_YZ,true,NETimeLoop|ZStackLoop,frame_metadata.relativeTimeMs,50,4.9090725,4.54112625,9.833415,0.166799363,2.00311057,review_nonuniform_time
fov23_4h/LiveFISH DSB023.nd2,6660456448,50,3,3,2720,2720,CF GFP SINGLE1_YZ|CF RFP SINGLE1_yz|CF Cy5 SINGLE_YZ,true,NETimeLoop|ZStackLoop,frame_metadata.relativeTimeMs,50,5.0841675,4.716975,5.99229375,0.0459342239,1.17861848,spt_ready_time_axis
fov24_4h/LiveFISH DSB024.nd2,19535343616,440,1,3,2720,2720,CF GFP SINGLE1_YZ|CF RFP SINGLE1_yz|CF Cy5 SINGLE_YZ,true,NETimeLoop,frame_metadata.relativeTimeMs,440,1.04143125,0.9403125,4.1874,0.439153262,4.0208127,review_nonuniform_time
fov25_4h/LiveFISH DSB025.nd2,10300825600,232,1,3,2720,2720,CF GFP SINGLE1_YZ|CF RFP SINGLE1_yz|CF Cy5 SINGLE_YZ,true,NETimeLoop,frame_metadata.relativeTimeMs,232,1.00771875,0.86050875,1.71765,0.0938638733,1.70449344,review_nonuniform_time
fov26_4.5h/LiveFISH DSB026.nd2,400359424,1,9,3,2720,2720,CF GFP SINGLE1_YZ|CF RFP SINGLE1_yz|CF Cy5 SINGLE_YZ,true,ZStackLoop,frame_metadata.relativeTimeMs,1,,,,,,segmentation_only_single_timepoint
fov27_samefovas26_4.5h/LiveFISH DSB027.nd2,14341242880,323,1,3,2720,2720,CF GFP SINGLE1_YZ|CF RFP SINGLE1_yz|CF Cy5 SINGLE_YZ,true,NETimeLoop,frame_metadata.relativeTimeMs,323,1.007595,0.86398125,1.53531375,0.0891483636,1.52374094,review_nonuniform_time
fov28_4.5h_5s/LiveFISH DSB028.nd2,6660292608,50,3,3,2720,2720,CF GFP SINGLE1_YZ|CF RFP SINGLE1_yz|CF Cy5 SINGLE_YZ,true,NETimeLoop|ZStackLoop,frame_metadata.relativeTimeMs,50,4.97419125,4.69513875,5.30170875,0.0225580757,1.06584337,spt_ready_time_axis
fov29_4.5h/LiveFISH DSB029.nd2,6660292608,50,3,3,2720,2720,CF GFP SINGLE1_YZ|CF RFP SINGLE1_yz|CF Cy5 SINGLE_YZ,true,NETimeLoop|ZStackLoop,frame_metadata.relativeTimeMs,50,4.9908825,4.71261,5.3319,0.019693915,1.0683281,spt_ready_time_axis
fov2_1.5h/LiveFISH DSB001.nd2,12431867904,40,7,3,2720,2720,CF GFP SINGLE1_YZ|CF RFP SINGLE1_yz|CF Cy5 SINGLE_YZ,true,NETimeLoop|ZStackLoop,frame_metadata.relativeTimeMs,40,10.0005263,9.90519,10.1105063,0.00488809465,1.01099742,spt_ready_time_axis
fov30_5h/LiveFISH DSB030.nd2,22199468032,500,1,3,2720,2720,CF GFP SINGLE1_YZ|CF RFP SINGLE1_yz|CF Cy5 SINGLE_YZ,true,NETimeLoop,frame_metadata.relativeTimeMs,500,1.0075425,0.85292625,1.68871125,0.109521497,1.6760695,review_nonuniform_time
fov3_1.5h/LiveFISH DSB002.nd2,6216327168,20,7,3,2720,2720,CF GFP SINGLE1_YZ|CF RFP SINGLE1_yz|CF Cy5 SINGLE_YZ,true,NETimeLoop|ZStackLoop,frame_metadata.relativeTimeMs,20,9.984795,9.93732,10.1074762,0.00425668694,1.01228681,spt_ready_time_axis
fov4 2h/LiveFISH DSB003.nd2,889057280,20,1,3,2720,2720,CF GFP SINGLE1_YZ|CF RFP SINGLE1_yz|CF Cy5 SINGLE_YZ,true,NETimeLoop,frame_metadata.relativeTimeMs,20,9.99648375,9.95409375,10.1079975,0.00427561837,1.0111553,spt_ready_time_axis
fov5 2h/LiveFISH DSB004.nd2,888729600,20,1,3,2720,2720,CF GFP SINGLE1_YZ|CF RFP SINGLE1_yz|CF Cy5 SINGLE_YZ,true,NETimeLoop,frame_metadata.relativeTimeMs,20,1.1487075,0.987225,1.19598375,0.0780231558,1.04115604,spt_ready_time_axis
fov6 2h/LiveFISH DSB005.nd2,888729600,20,1,3,2720,2720,CF GFP SINGLE1_YZ|CF RFP SINGLE1_yz|CF Cy5 SINGLE_YZ,true,NETimeLoop,frame_metadata.relativeTimeMs,20,0.99354375,0.988845,1.22798625,0.0833677061,1.23596596,spt_ready_time_axis
fov7_testforZH/LiveFISH DSB006.nd2,2220953600,50,1,3,2720,2720,CF GFP SINGLE1_YZ|CF RFP SINGLE1_yz|CF Cy5 SINGLE_YZ,true,NETimeLoop,frame_metadata.relativeTimeMs,50,1.0138425,0.9891525,1.18962,0.0794833567,1.17337752,spt_ready_time_axis
fov8_2h/LiveFISH DSB007.nd2,5328396288,40,3,3,2720,2720,CF GFP SINGLE1_YZ|CF RFP SINGLE1_yz|CF Cy5 SINGLE_YZ,true,NETimeLoop|ZStackLoop,frame_metadata.relativeTimeMs,40,3.3716475,3.19701375,3.68032125,0.0288991643,1.09154983,spt_ready_time_axis
fov9_2h/LiveFISH DSB008.nd2,5328396288,40,3,3,2720,2720,CF GFP SINGLE1_YZ|CF RFP SINGLE1_yz|CF Cy5 SINGLE_YZ,true,NETimeLoop|ZStackLoop,frame_metadata.relativeTimeMs,40,7.564365,7.28067375,7.94178375,0.0248905231,1.04989431,spt_ready_time_axis
