check	observed	expected	status
drive_root_present	1	1	PASS
source_fov_directories	30	30	PASS
source_nd2_map_rows	30	30	PASS
source_nd2_files_present	30	30	PASS
source_nd2_missing	0	0	PASS
source_nd2_size_mismatch	0	0	PASS
source_nd2_total_bytes	235994497024	235994497024	PASS
nd2_copied_into_code_snapshots	0	0	PASS
formal_snapshot_count	7	7	PASS
formal_snapshot_manifest_rows	626	626	PASS
formal_snapshot_actual_files	633	633	PASS
formal_snapshot_sha256_failures	0	0	PASS
formal_snapshot_tiff_files	0	0	PASS
existing_sherlock_v5_snapshot_preserved	1	1	PASS
incomplete_attempts_in_formal_index	0	0	PASS
published_results_uploaded	0	pending_remote_inventory	PENDING
dsb_smoke_results_uploaded	0	pending_source_mapping	PENDING
dsb_full_v5_run_complete	0	not_yet_run	PENDING
git_bundle_uploaded	0	pending_sherlock	PENDING

