fov_literal	nd2_filename	biological_time_label	filename_note	bytes	gib	last_write_utc	acquisition_datetime_text	size_p	size_t	size_c	size_z	size_y	size_x	dtype	pixel_size_x_um	pixel_size_y_um	z_calibration_um	configured_period_ms	observed_period_avg_ms	observed_period_min_ms	observed_period_max_ms	channel_names	exposure_ms	objective	camera	smoke_unique_crops	smoke_crop_indices	v422_tasks	v422_complete	v422_failed_or_interrupted	v5_tasks	v5_complete	v5_failed_or_interrupted	drive_uploaded_crops	drive_uploaded_tasks	metadata_read_status
fov1_1.5h	LiveFISH DSB.nd2	1.5h		489238528	0.456	2026-02-25T22:28:46.0000000Z	2/25/2026  2:28:32 PM	0	0	3	11	2720	2720	uint16	0.108333333333333	0.108333333333333	0.3					CF GFP SINGLE1_YZ | CF RFP SINGLE1_yz | CF Cy5 SINGLE_YZ	50 | 200 | 200	Plan Apo λ 60x Oil	Kinetix, A23J723026	0		0	0	0	0	0	0	0	0	OK
fov10_2.5h	LiveFISH DSB009.nd2	2.5h		8880144384	8.27	2026-02-25T23:25:28.0000000Z	2/25/2026  3:23:17 PM	0	40	3	5	2720	2720	uint16	0.108333333333333	0.108333333333333	0.3	500.0	9311.832307693287	8939.752499938011	9644.711250066757	CF GFP SINGLE1_YZ | CF RFP SINGLE1_yz | CF Cy5 SINGLE_YZ	50 | 200 | 200	Plan Apo λ 60x Oil	Kinetix, A23J723026	1	41	1	1	0	1	1	0	0	0	OK
fov11_2.5h	LiveFISH DSB010.nd2	2.5h		8880144384	8.27	2026-02-25T23:30:08.0000000Z	2/25/2026  3:30:41 PM	0	40	3	5	2720	2720	uint16	0.108333333333333	0.108333333333333	0.3	500.0	5201.1837499997555	4904.407499909401	5412.701250076294	CF GFP SINGLE1_YZ | CF RFP SINGLE1_yz | CF Cy5 SINGLE_YZ	50 | 200 | 200	Plan Apo λ 60x Oil	Kinetix, A23J723026	0		0	0	0	0	0	0	0	0	OK
fov12_2.5h	LiveFISH DSB011.nd2	2.5h		8880144384	8.27	2026-02-25T23:34:08.0000000Z	2/25/2026  3:34:38 PM	0	40	3	5	2720	2720	uint16	0.108333333333333	0.108333333333333	0.3	500.0	5249.463365383637	5077.166249990463	5443.725000023842	CF GFP SINGLE1_YZ | CF RFP SINGLE1_yz | CF Cy5 SINGLE_YZ	50 | 200 | 200	Plan Apo λ 60x Oil	Kinetix, A23J723026	1	61	1	0	1	1	1	0	0	0	OK
fov13_2.5h	LiveFISH DSB012.nd2	2.5h		8880144384	8.27	2026-02-25T23:44:44.0000000Z	2/25/2026  3:42:59 PM	0	40	3	5	2720	2720	uint16	0.108333333333333	0.108333333333333	0.3	500.0	8614.346923079245	8303.572499990463	9004.518750071526	CF GFP SINGLE1_YZ | CF RFP SINGLE1_yz | CF Cy5 SINGLE_YZ	30 | 200 | 150	Plan Apo λ 60x Oil	Kinetix, A23J723026	0		0	0	0	0	0	0	0	0	OK
fov14_3h	LiveFISH DSB013.nd2	3h		8880136192	8.27	2026-02-25T23:52:52.0000000Z	2/25/2026  3:53:30 PM	0	200	3	0	2720	2720	uint16	0.108333333333333	0.108333333333333	1.0	500.0	1010.1537060300309	956.0625	1364.4187499284744	CF GFP SINGLE1_YZ | CF RFP SINGLE1_yz | CF Cy5 SINGLE_YZ	30 | 200 | 150	Plan Apo λ 60x Oil	Kinetix, A23J723026	0		0	0	0	0	0	0	0	0	OK
fov15 3h_1s	LiveFISH DSB014.nd2	3h	filename says 1s	8880136192	8.27	2026-02-25T23:59:58.0000000Z	2/25/2026  4:00:36 PM	0	200	3	0	2720	2720	uint16	0.108333333333333	0.108333333333333	1.0	500.0	1011.448756280856	968.6287499666214	1340.1674998998642	CF GFP SINGLE1_YZ | CF RFP SINGLE1_yz | CF Cy5 SINGLE_YZ	30 | 200 | 150	Plan Apo λ 60x Oil	Kinetix, A23J723026	0		0	0	0	0	0	0	0	0	OK
fov16 3h	LiveFISH DSB015.nd2	3h		8880136192	8.27	2026-02-26T00:06:40.0000000Z	2/25/2026  4:07:11 PM	0	200	3	0	2720	2720	uint16	0.108333333333333	0.108333333333333	1.0	1000.0	1040.2290075376404	880.6462500095367	1592.429999947548	CF GFP SINGLE1_YZ | CF RFP SINGLE1_yz | CF Cy5 SINGLE_YZ	30 | 200 | 150	Plan Apo λ 60x Oil	Kinetix, A23J723026	0		0	0	0	0	0	0	0	0	OK
fov17_3h_forZH	LiveFISH 3h_DSB016.nd2	3h	forZH	8880463872	8.271	2026-07-06T07:28:02.8480000Z	2/25/2026  4:14:05 PM	0	200	3	0	2720	2720	uint16	0.108333333333333	0.108333333333333	1.0	1000.0	1007.9489886940424	895.7287499904633	1157.4937499761581	CF GFP SINGLE1_YZ | CF RFP SINGLE1_yz | CF Cy5 SINGLE_YZ	30 | 200 | 150	Plan Apo λ 60x Oil	Kinetix, A23J723026	3	3,4,13	3	2	1	3	2	1	0	0	OK
fov18_3.5h	LiveFISH DSB017.nd2	3.5h		22199468032	20.675	2026-02-26T00:21:58.0000000Z	2/25/2026  4:19:25 PM	0	500	3	0	2720	2720	uint16	0.108333333333333	0.108333333333333	1.0	1000.0	1009.6033466934919	896.6062499284744	2301.8174999952316	CF GFP SINGLE1_YZ | CF RFP SINGLE1_yz | CF Cy5 SINGLE_YZ	30 | 200 | 150	Plan Apo λ 60x Oil	Kinetix, A23J723026	0		0	0	0	0	0	0	0	0	OK
fov19_3.5h	LiveFISH DSB018.nd2	3.5h		13319798784	12.405	2026-02-26T00:36:30.0000000Z	2/25/2026  4:27:49 PM	0	100	3	3	2720	2720	uint16	0.108333333333333	0.108333333333333	0.3	1000.0	7627.356060606061	7305.633749961853	8259.555000066757	CF GFP SINGLE1_YZ | CF RFP SINGLE1_yz | CF Cy5 SINGLE_YZ	30 | 200 | 150	Plan Apo λ 60x Oil	Kinetix, A23J723026	2	25,49	2	2	0	2	2	0	0	0	OK
fov2_1.5h	LiveFISH DSB001.nd2	1.5h		12431867904	11.578	2026-02-25T22:37:18.0000000Z	2/25/2026  2:30:37 PM	0	40	3	7	2720	2720	uint16	0.108333333333333	0.108333333333333	0.3	10000.0	10002.838557692674	9905.19000005722	10110.506250023842	CF GFP SINGLE1_YZ | CF RFP SINGLE1_yz | CF Cy5 SINGLE_YZ	50 | 200 | 200	Plan Apo λ 60x Oil	Kinetix, A23J723026	0		0	0	0	0	0	0	0	0	OK
fov20_3.5h	LiveFISH DSB020.nd2	3.5h		666755072	0.621	2026-02-26T00:40:26.0000000Z	2/25/2026  4:44:01 PM	0	5	3	3	2720	2720	uint16	0.108333333333333	0.108333333333333	0.3	3000.0	5104.294687509537	4955.0737500190735	5260.706249952316	CF GFP SINGLE1_YZ | CF RFP SINGLE1_yz | CF Cy5 SINGLE_YZ	30 | 200 | 150	Plan Apo λ 60x Oil	Kinetix, A23J723026	0		0	0	0	0	0	0	0	0	OK
fov21_3.5h	LiveFISH DSB021.nd2	3.5h		666755072	0.621	2026-02-26T00:42:34.0000000Z	2/25/2026  4:46:09 PM	0	5	3	3	2720	2720	uint16	0.108333333333333	0.108333333333333	0.3	3000.0	4968.110624998808	4908.77999997139	5093.763750076294	CF GFP SINGLE1_YZ | CF RFP SINGLE1_yz | CF Cy5 SINGLE_YZ	30 | 200 | 150	Plan Apo λ 60x Oil	Kinetix, A23J723026	1	32	1	1	0	1	1	0	0	0	OK
fov22_4h	LiveFISH DSB022.nd2	4h		6660292608	6.203	2026-02-26T00:48:46.0000000Z	2/25/2026  4:48:24 PM	0	50	3	3	2720	2720	uint16	0.108333333333333	0.108333333333333	0.3	5000.0	5218.905688774829	4541.12625002861	9833.414999961853	CF GFP SINGLE1_YZ | CF RFP SINGLE1_yz | CF Cy5 SINGLE_YZ	30 | 200 | 150	Plan Apo λ 60x Oil	Kinetix, A23J723026	0		0	0	0	0	0	0	0	0	OK
fov23_4h	LiveFISH DSB023.nd2	4h		6660456448	6.203	2026-02-26T01:02:46.0000000Z	2/25/2026  5:01:49 PM	0	50	3	3	2720	2720	uint16	0.108333333333333	0.108333333333333	0.3	5000.0	5112.809234692126	4716.975000023842	5992.293749928474	CF GFP SINGLE1_YZ | CF RFP SINGLE1_yz | CF Cy5 SINGLE_YZ	30 | 200 | 150	Plan Apo λ 60x Oil	Kinetix, A23J723026	2	37,60	2	1	1	2	1	1	0	0	OK
fov24_4h	LiveFISH DSB024.nd2	4h		19535343616	18.194	2026-02-26T01:11:54.0000000Z	2/25/2026  5:03:22 PM	0	440	3	0	2720	2720	uint16	0.108333333333333	0.108333333333333	1.0	1000.0	1005.6850475952	940.3125	4187.399999976158	CF GFP SINGLE1_YZ | CF RFP SINGLE1_yz | CF Cy5 SINGLE_YZ	30 | 200 | 150	Plan Apo λ 60x Oil	Kinetix, A23J723026	0		0	0	0	0	0	0	0	0	OK
fov25_4h	LiveFISH DSB025.nd2	4h		10300825600	9.593	2026-02-26T01:19:34.0000000Z	2/25/2026  5:15:28 PM	0	232	3	0	2720	2720	uint16	0.108333333333333	0.108333333333333	1.0	1000.0	482.6078131263385	860.508749961853	1717.6499999761581	CF GFP SINGLE1_YZ | CF RFP SINGLE1_yz | CF Cy5 SINGLE_YZ	30 | 200 | 150	Plan Apo λ 60x Oil	Kinetix, A23J723026	0		0	0	0	0	0	0	0	0	OK
fov26_4.5h	LiveFISH DSB026.nd2	4.5h		400359424	0.373	2026-02-26T01:20:16.0000000Z	2/25/2026  5:20:02 PM	0	0	3	9	2720	2720	uint16	0.108333333333333	0.108333333333333	0.3					CF GFP SINGLE1_YZ | CF RFP SINGLE1_yz | CF Cy5 SINGLE_YZ	30 | 200 | 150	Plan Apo λ 60x Oil	Kinetix, A23J723026	0		0	0	0	0	0	0	0	0	OK
fov27_samefovas26_4.5h	LiveFISH DSB027.nd2	4.5h	same FOV as 26	14341242880	13.356	2026-02-26T01:27:00.0000000Z	2/25/2026  5:22:25 PM	0	323	3	0	2720	2720	uint16	0.108333333333333	0.108333333333333	1.0	1000.0	672.816996493177	863.9812500476837	1535.313749909401	CF GFP SINGLE1_YZ | CF RFP SINGLE1_yz | CF Cy5 SINGLE_YZ	30 | 200 | 150	Plan Apo λ 60x Oil	Kinetix, A23J723026	0		0	0	0	0	0	0	0	0	OK
fov28_4.5h_5s	LiveFISH DSB028.nd2	4.5h	filename says 5s	6660292608	6.203	2026-02-26T01:32:34.0000000Z	2/25/2026  5:28:20 PM	0	50	3	3	2720	2720	uint16	0.108333333333333	0.108333333333333	0.3	5000.0	4999.672346937413	4695.138750076294	5301.708749890327	CF GFP SINGLE1_YZ | CF RFP SINGLE1_yz | CF Cy5 SINGLE_YZ	30 | 200 | 150	Plan Apo λ 60x Oil	Kinetix, A23J723026	1	48	1	1	0	1	1	0	0	0	OK
fov29_4.5h	LiveFISH DSB029.nd2	4.5h		6660292608	6.203	2026-02-26T01:37:32.0000000Z	2/25/2026  5:33:20 PM	0	50	3	3	2720	2720	uint16	0.108333333333333	0.108333333333333	0.3	5000.0	5003.276709184354	4712.610000014305	5331.900000095367	CF GFP SINGLE1_YZ | CF RFP SINGLE1_yz | CF Cy5 SINGLE_YZ	30 | 200 | 150	Plan Apo λ 60x Oil	Kinetix, A23J723026	1	58	1	1	0	1	1	0	0	0	OK
fov3_1.5h	LiveFISH DSB002.nd2	1.5h		6216327168	5.789	2026-02-25T22:44:44.0000000Z	2/25/2026  2:41:23 PM	0	20	3	7	2720	2720	uint16	0.108333333333333	0.108333333333333	0.3	10000.0	9996.487302629572	9937.319999933243	10107.476249933243	CF GFP SINGLE1_YZ | CF RFP SINGLE1_yz | CF Cy5 SINGLE_YZ	50 | 200 | 200	Plan Apo λ 60x Oil	Kinetix, A23J723026	0		0	0	0	0	0	0	0	0	OK
fov30_5h	LiveFISH DSB030.nd2	5h		22199468032	20.675	2026-02-26T01:50:30.0000000Z	2/25/2026  5:47:06 PM	0	500	3	0	2720	2720	uint16	0.108333333333333	0.108333333333333	1.0	1000.0	1049.3332214427137	852.9262499809265	1688.711249947548	CF GFP SINGLE1_YZ | CF RFP SINGLE1_yz | CF Cy5 SINGLE_YZ	30 | 200 | 150	Plan Apo λ 60x Oil	Kinetix, A23J723026	0		0	0	0	0	0	0	0	0	OK
fov4 2h	LiveFISH DSB003.nd2	2h		889057280	0.828	2026-02-25T22:52:28.0000000Z	2/25/2026  2:51:53 PM	0	20	3	0	2720	2720	uint16	0.108333333333333	0.108333333333333	1.0	10000.0	10002.446447372437	9954.09375	10107.99749994278	CF GFP SINGLE1_YZ | CF RFP SINGLE1_yz | CF Cy5 SINGLE_YZ	50 | 200 | 200	Plan Apo λ 60x Oil	Kinetix, A23J723026	0		0	0	0	0	0	0	0	0	OK
fov5 2h	LiveFISH DSB004.nd2	2h		888729600	0.828	2026-02-25T22:56:10.0000000Z	2/25/2026  2:59:49 PM	0	20	3	0	2720	2720	uint16	0.108333333333333	0.108333333333333	1.0	1000.0	1091.2995394719273	987.2250000238419	1195.9837499856949	CF GFP SINGLE1_YZ | CF RFP SINGLE1_yz | CF Cy5 SINGLE_YZ	50 | 200 | 200	Plan Apo λ 60x Oil	Kinetix, A23J723026	1	41	1	0	1	1	1	0	0	0	OK
fov6 2h	LiveFISH DSB005.nd2	2h		888729600	0.828	2026-02-25T22:57:38.0000000Z	2/25/2026  3:01:16 PM	0	20	3	0	2720	2720	uint16	0.108333333333333	0.108333333333333	1.0	500.0	1066.984144737846	988.8450000286102	1227.9862500429153	CF GFP SINGLE1_YZ | CF RFP SINGLE1_yz | CF Cy5 SINGLE_YZ	50 | 200 | 200	Plan Apo λ 60x Oil	Kinetix, A23J723026	0		0	0	0	0	0	0	0	0	OK
fov7_testforZH	LiveFISH DSB006.nd2		testforZH	2220953600	2.068	2026-02-25T22:59:42.0000000Z	2/25/2026  3:03:19 PM	0	50	3	0	2720	2720	uint16	0.108333333333333	0.108333333333333	1.0	500.0	1071.5573724483957	989.1525000333786	1189.6200000047684	CF GFP SINGLE1_YZ | CF RFP SINGLE1_yz | CF Cy5 SINGLE_YZ	50 | 200 | 200	Plan Apo λ 60x Oil	Kinetix, A23J723026	3	5,12,33	3	3	0	3	3	0	3	6	OK
fov8_2h	LiveFISH DSB007.nd2	2h		5328396288	4.962	2026-02-25T23:05:20.0000000Z	2/25/2026  3:07:05 PM	0	40	3	3	2720	2720	uint16	0.108333333333333	0.108333333333333	0.3	500.0	3382.0146153859605	3197.013750076294	3680.321249961853	CF GFP SINGLE1_YZ | CF RFP SINGLE1_yz | CF Cy5 SINGLE_YZ	50 | 200 | 200	Plan Apo λ 60x Oil	Kinetix, A23J723026	0		0	0	0	0	0	0	0	0	OK
fov9_2h	LiveFISH DSB008.nd2	2h		5328396288	4.962	2026-02-25T23:16:00.0000000Z	2/25/2026  3:14:58 PM	0	40	3	3	2720	2720	uint16	0.108333333333333	0.108333333333333	0.3	500.0	7576.210865384493	7280.673749923706	7941.783749938011	CF GFP SINGLE1_YZ | CF RFP SINGLE1_yz | CF Cy5 SINGLE_YZ	50 | 200 | 200	Plan Apo λ 60x Oil	Kinetix, A23J723026	0		0	0	0	0	0	0	0	0	OK
