fov_literal	nd2_filename	biological_time_label	time_axis_status	T	Z	C	Y	X	dt_median_s	dt_min_s	dt_max_s	dt_cv	all_usam_candidates	old_v421_processed_candidates	smoke_unique_crops	smoke_crop_indices	v422_complete	v422_tasks	v5_complete	v5_tasks	drive_uploaded_crops	bytes	gib
fov1_1.5h	LiveFISH DSB.nd2	1.5h	segmentation_only_single_timepoint	1	11	3	2720	2720					45	0	0		0	0	0	0	0	489238528	0.456
fov10_2.5h	LiveFISH DSB009.nd2	2.5h	spt_ready_time_axis	40	5	3	2720	2720	9.30562125	8.9397525	9.64471125	0.0155287485	57	57	1	41	1	1	1	1	0	8880144384	8.27
fov11_2.5h	LiveFISH DSB010.nd2	2.5h	spt_ready_time_axis	40	5	3	2720	2720	5.2168125	4.9044075	5.41270125	0.0250734752	57	57	0		0	0	0	0	0	8880144384	8.27
fov12_2.5h	LiveFISH DSB011.nd2	2.5h	spt_ready_time_axis	40	5	3	2720	2720	5.243895	5.07716625	5.443725	0.0165473399	61	61	1	61	0	1	1	1	0	8880144384	8.27
fov13_2.5h	LiveFISH DSB012.nd2	2.5h	spt_ready_time_axis	40	5	3	2720	2720	8.63219625	8.3035725	9.00451875	0.0171472896	49	49	0		0	0	0	0	0	8880144384	8.27
fov14_3h	LiveFISH DSB013.nd2	3h	review_nonuniform_time	200	1	3	2720	2720	1.00705125	0.9560625	1.36441875	0.0355041075	48	0	0		0	0	0	0	0	8880136192	8.27
fov15 3h_1s	LiveFISH DSB014.nd2	3h	review_nonuniform_time	200	1	3	2720	2720	1.00773375	0.96862875	1.3401675	0.0287651623	49	0	0		0	0	0	0	0	8880136192	8.27
fov16 3h	LiveFISH DSB015.nd2	3h	review_nonuniform_time	200	1	3	2720	2720	1.00782	0.88064625	1.59243	0.0973954704	43	0	0		0	0	0	0	0	8880136192	8.27
fov17_3h_forZH	LiveFISH 3h_DSB016.nd2	3h	spt_ready_time_axis	200	1	3	2720	2720	1.0077	0.89572875	1.15749375	0.0184456991	49	49	3	3,4,13	2	3	2	3	0	8880463872	8.271
fov18_3.5h	LiveFISH DSB017.nd2	3.5h	review_nonuniform_time	500	1	3	2720	2720	1.0072875	0.89660625	2.3018175	0.0625507421	50	0	0		0	0	0	0	0	22199468032	20.675
fov19_3.5h	LiveFISH DSB018.nd2	3.5h	spt_ready_time_axis	100	3	3	2720	2720	7.6378275	7.30563375	8.259555	0.0208293046	56	56	2	25,49	2	2	2	2	0	13319798784	12.405
fov2_1.5h	LiveFISH DSB001.nd2	1.5h	spt_ready_time_axis	40	7	3	2720	2720	10.0005263	9.90519	10.1105063	0.00488809465	45	45	0		0	0	0	0	0	12431867904	11.578
fov20_3.5h	LiveFISH DSB020.nd2	3.5h	spt_ready_time_axis	5	3	3	2720	2720	5.10069938	4.95507375	5.26070625	0.0213025639	53	53	0		0	0	0	0	0	666755072	0.621
fov21_3.5h	LiveFISH DSB021.nd2	3.5h	spt_ready_time_axis	5	3	3	2720	2720	4.93494937	4.90878	5.09376375	0.0148395991	47	47	1	32	1	1	1	1	0	666755072	0.621
fov22_4h	LiveFISH DSB022.nd2	4h	review_nonuniform_time	50	3	3	2720	2720	4.9090725	4.54112625	9.833415	0.166799363	61	0	0		0	0	0	0	0	6660292608	6.203
fov23_4h	LiveFISH DSB023.nd2	4h	spt_ready_time_axis	50	3	3	2720	2720	5.0841675	4.716975	5.99229375	0.0459342239	61	61	2	37,60	1	2	1	2	0	6660456448	6.203
fov24_4h	LiveFISH DSB024.nd2	4h	review_nonuniform_time	440	1	3	2720	2720	1.04143125	0.9403125	4.1874	0.439153262	53	0	0		0	0	0	0	0	19535343616	18.194
fov25_4h	LiveFISH DSB025.nd2	4h	review_nonuniform_time	232	1	3	2720	2720	1.00771875	0.86050875	1.71765	0.0938638733	51	0	0		0	0	0	0	0	10300825600	9.593
fov26_4.5h	LiveFISH DSB026.nd2	4.5h	segmentation_only_single_timepoint	1	9	3	2720	2720					62	0	0		0	0	0	0	0	400359424	0.373
fov27_samefovas26_4.5h	LiveFISH DSB027.nd2	4.5h	review_nonuniform_time	323	1	3	2720	2720	1.007595	0.86398125	1.53531375	0.0891483636	59	0	0		0	0	0	0	0	14341242880	13.356
fov28_4.5h_5s	LiveFISH DSB028.nd2	4.5h	spt_ready_time_axis	50	3	3	2720	2720	4.97419125	4.69513875	5.30170875	0.0225580757	60	60	1	48	1	1	1	1	0	6660292608	6.203
fov29_4.5h	LiveFISH DSB029.nd2	4.5h	spt_ready_time_axis	50	3	3	2720	2720	4.9908825	4.71261	5.3319	0.019693915	76	76	1	58	1	1	1	1	0	6660292608	6.203
fov3_1.5h	LiveFISH DSB002.nd2	1.5h	spt_ready_time_axis	20	7	3	2720	2720	9.984795	9.93732	10.1074762	0.00425668694	65	65	0		0	0	0	0	0	6216327168	5.789
fov30_5h	LiveFISH DSB030.nd2	5h	review_nonuniform_time	500	1	3	2720	2720	1.0075425	0.85292625	1.68871125	0.109521497	62	0	0		0	0	0	0	0	22199468032	20.675
fov4 2h	LiveFISH DSB003.nd2	2h	spt_ready_time_axis	20	1	3	2720	2720	9.99648375	9.95409375	10.1079975	0.00427561837	40	40	0		0	0	0	0	0	889057280	0.828
fov5 2h	LiveFISH DSB004.nd2	2h	spt_ready_time_axis	20	1	3	2720	2720	1.1487075	0.987225	1.19598375	0.0780231558	53	53	1	41	0	1	1	1	0	888729600	0.828
fov6 2h	LiveFISH DSB005.nd2	2h	spt_ready_time_axis	20	1	3	2720	2720	0.99354375	0.988845	1.22798625	0.0833677061	55	55	0		0	0	0	0	0	888729600	0.828
fov7_testforZH	LiveFISH DSB006.nd2		spt_ready_time_axis	50	1	3	2720	2720	1.0138425	0.9891525	1.18962	0.0794833567	51	51	3	5,12,33	3	3	3	3	3	2220953600	2.068
fov8_2h	LiveFISH DSB007.nd2	2h	spt_ready_time_axis	40	3	3	2720	2720	3.3716475	3.19701375	3.68032125	0.0288991643	51	51	0		0	0	0	0	0	5328396288	4.962
fov9_2h	LiveFISH DSB008.nd2	2h	spt_ready_time_axis	40	3	3	2720	2720	7.564365	7.28067375	7.94178375	0.0248905231	45	45	0		0	0	0	0	0	5328396288	4.962
