filename	bytes	sha256
01_inventory_v5_results.sh	5464	805dc4ebb0250ea137bf4399287025ffc1b23612a3feeae4997166e88824ed61
02_preview_drive_upload.sh	881	8701a249dce4657ecc38321f96e56f7f2288fdcd91117410d1f7aa7ed45f9222
03_upload_git_history_bundle.sh	1761	e3f6e5c46dd85033ffecb3b4e1f2697c293a9b83fa5f495e38d6eb0cdd59e618
04_audit_dsb_smoke_mapping.sh	9828	0fe09f78c99f3d43dcd47edbd83b27f9691afc425cc4aedd5f8219ef1bb2afb0
05_upload_published_exact219.sh	3252	d2a45d69c78ae8e15deccb38a8de01f0214f1cbcdd4d03db5b3c8ac3f1a9ebd1
06_upload_dsb_smoke_mapped.sh	7831	edd664f50ad8eea947ae56a879bbaf2e3346c382932e115a51741d591e2a1b5a
07_upload_dsb_smoke_fov7_test.sh	9741	ec735de0642dfa9fa5c7235598ad8315b64f8e4c29a6cecf26690e4d9d15e3f7
08_summarize_dsb_nd2_metadata.py	8689	d1c58f35fa7532c38e51fac22d040aecd525f20374efac3f2ac72170e10fd959
build_drive_workspace.ps1	13275	710c4c6b89e61d0af642ddbcdf8b641e3965d2ea74d402e5591e688e6b9a96d9
