path,source,source_commit,source_sha256,disposition,packaged_sha256
.gitignore,D:\UGVR\Stanley\Genomic DNA Dynamics Predict Chromatin Density\code\OligoLiveFish-ML-ZZH\.gitignore,9f4e28a7bdaa6847e876fa9e3de059de197d0441,9d8510858d1f5477939d561581dd72973a8c0ad95215e313172841faf83b967a,packaging_modified,ae8fe8a18854c823a30bec9150a3cf83bcfa3b09a4421ed1949c3e1eeef36a76
CELL_CROP_LOCKED.md,D:\UGVR\Stanley\Genomic DNA Dynamics Predict Chromatin Density\code\OligoLiveFish-ML-ZZH\CELL_CROP_LOCKED.md,9f4e28a7bdaa6847e876fa9e3de059de197d0441,631dab808d6013b7d9fce0a7438bcea35810e21df93f29b5825babf696c1f979,unchanged,631dab808d6013b7d9fce0a7438bcea35810e21df93f29b5825babf696c1f979
REQUIREMENTS_ND2_TO_TRAJ.md,D:\UGVR\Stanley\Genomic DNA Dynamics Predict Chromatin Density\code\OligoLiveFish-ML-ZZH\REQUIREMENTS_ND2_TO_TRAJ.md,9f4e28a7bdaa6847e876fa9e3de059de197d0441,d9cca3ff3a24e770826d793cc9f34bd5f368fec02d7c20bcdb98a71c1cfb8618,unchanged,d9cca3ff3a24e770826d793cc9f34bd5f368fec02d7c20bcdb98a71c1cfb8618
VERSION,D:\UGVR\Stanley\Genomic DNA Dynamics Predict Chromatin Density\code\OligoLiveFish-ML-ZZH\VERSION,9f4e28a7bdaa6847e876fa9e3de059de197d0441,4e001f5f34a8940927b497e5657a1bba9a35094b2c1f992de2fbee40af237d5b,unchanged,4e001f5f34a8940927b497e5657a1bba9a35094b2c1f992de2fbee40af237d5b
docs/ND2_TO_TRAJECTORY_OPERATIONAL_GUIDE.md,D:\UGVR\Stanley\Genomic DNA Dynamics Predict Chromatin Density\code\OligoLiveFish-ML-ZZH\docs\ND2_TO_TRAJECTORY_OPERATIONAL_GUIDE.md,9f4e28a7bdaa6847e876fa9e3de059de197d0441,ba5abbeb52bd2abb02a55af5229960138cf0ac608ac17039c2377abf8ee46e8d,packaging_modified,d25833be0da48acc4ec05d632421d10afa659546654df40a284dd1f4beb7b600
docs/V5_1_FINAL_ANALYSIS_STRATEGY_CN.md,D:\UGVR\Stanley\Genomic DNA Dynamics Predict Chromatin Density\code\OligoLiveFish-ML-ZZH\docs\V5_1_FINAL_ANALYSIS_STRATEGY_CN.md,9f4e28a7bdaa6847e876fa9e3de059de197d0441,8469e55ad132cbd80db2395c34943721711c9bd4bfa9cfbc47995818a639b79a,unchanged,8469e55ad132cbd80db2395c34943721711c9bd4bfa9cfbc47995818a639b79a
docs/V5_2_1_53BP1_BATCH_INTEGRATION_CN.md,D:\UGVR\Stanley\Genomic DNA Dynamics Predict Chromatin Density\code\OligoLiveFish-ML-ZZH\docs\V5_2_1_53BP1_BATCH_INTEGRATION_CN.md,9f4e28a7bdaa6847e876fa9e3de059de197d0441,8eb701c1bfa635ebe6152b9a6cfc4ba3d3bdd25e8bbbcee065e5b18a6398c131,unchanged,8eb701c1bfa635ebe6152b9a6cfc4ba3d3bdd25e8bbbcee065e5b18a6398c131
docs/V5_2_53BP1_LOCUS_METRICS_CN.md,D:\UGVR\Stanley\Genomic DNA Dynamics Predict Chromatin Density\code\OligoLiveFish-ML-ZZH\docs\V5_2_53BP1_LOCUS_METRICS_CN.md,9f4e28a7bdaa6847e876fa9e3de059de197d0441,d8c37bb2bac23af5c5d20b0d8499ebc0892d0ec3ba9aa0d46dfcb7bfaf404ff5,unchanged,d8c37bb2bac23af5c5d20b0d8499ebc0892d0ec3ba9aa0d46dfcb7bfaf404ff5
docs/V5_2_DSB_CHANNEL_SPECIFIC_REFERENCE_STRATEGY_CN.md,D:\UGVR\Stanley\Genomic DNA Dynamics Predict Chromatin Density\code\OligoLiveFish-ML-ZZH\docs\V5_2_DSB_CHANNEL_SPECIFIC_REFERENCE_STRATEGY_CN.md,9f4e28a7bdaa6847e876fa9e3de059de197d0441,4f195f1f2f3dbc676abbe03bd5018b69abaedd195e8be15f28e5a85cd3e4c03d,unchanged,4f195f1f2f3dbc676abbe03bd5018b69abaedd195e8be15f28e5a85cd3e4c03d
nucleus_segmentation/audit_nd2_time_metadata.py,D:\UGVR\Stanley\Genomic DNA Dynamics Predict Chromatin Density\code\OligoLiveFish-ML-ZZH\nucleus_segmentation\audit_nd2_time_metadata.py,9f4e28a7bdaa6847e876fa9e3de059de197d0441,d70c7e41d0072c7516c60bceb5dadfe6aa348b81b69af700894e31032260f04a,unchanged,d70c7e41d0072c7516c60bceb5dadfe6aa348b81b69af700894e31032260f04a
nucleus_segmentation/cell_crop_qc.py,D:\UGVR\Stanley\Genomic DNA Dynamics Predict Chromatin Density\code\OligoLiveFish-ML-ZZH\nucleus_segmentation\cell_crop_qc.py,9f4e28a7bdaa6847e876fa9e3de059de197d0441,f5bb714f6f5b9f9e1074b383aded28f272e7c14b9392e85f605e630dc1eb0046,unchanged,f5bb714f6f5b9f9e1074b383aded28f272e7c14b9392e85f605e630dc1eb0046
nucleus_segmentation/crop_nuclei_sam.py,D:\UGVR\Stanley\Genomic DNA Dynamics Predict Chromatin Density\code\OligoLiveFish-ML-ZZH\nucleus_segmentation\crop_nuclei_sam.py,9f4e28a7bdaa6847e876fa9e3de059de197d0441,f260d2f8a1f1827fcadd7068d7926763ace7b751d15b06e786be27a593a76f2f,unchanged,f260d2f8a1f1827fcadd7068d7926763ace7b751d15b06e786be27a593a76f2f
nucleus_segmentation/crop_nucleus.md,D:\UGVR\Stanley\Genomic DNA Dynamics Predict Chromatin Density\code\OligoLiveFish-ML-ZZH\nucleus_segmentation\crop_nucleus.md,9f4e28a7bdaa6847e876fa9e3de059de197d0441,9f9fc126341641ddad490384322e64d943aef185a309209addfdea26d23cecf8,unchanged,9f9fc126341641ddad490384322e64d943aef185a309209addfdea26d23cecf8
nucleus_segmentation/materialize_candidate_selection.py,D:\UGVR\Stanley\Genomic DNA Dynamics Predict Chromatin Density\code\OligoLiveFish-ML-ZZH\nucleus_segmentation\materialize_candidate_selection.py,9f4e28a7bdaa6847e876fa9e3de059de197d0441,dd0d28d55cdd9c58f4d0960bb564e180fd34f4b4af58911fff3f050bf476acc6,unchanged,dd0d28d55cdd9c58f4d0960bb564e180fd34f4b4af58911fff3f050bf476acc6
nucleus_segmentation/save_crops.py,D:\UGVR\Stanley\Genomic DNA Dynamics Predict Chromatin Density\code\OligoLiveFish-ML-ZZH\nucleus_segmentation\save_crops.py,9f4e28a7bdaa6847e876fa9e3de059de197d0441,28bb14b201c8646f3f88345ff797f6519e930d9cb194689744f0c468e0550d1c,unchanged,28bb14b201c8646f3f88345ff797f6519e930d9cb194689744f0c468e0550d1c
requirements_nd2_to_traj.txt,D:\UGVR\Stanley\Genomic DNA Dynamics Predict Chromatin Density\code\OligoLiveFish-ML-ZZH\requirements_nd2_to_traj.txt,9f4e28a7bdaa6847e876fa9e3de059de197d0441,5884d67039cc0f9e69f0fdc9bf6d3a02ec4177d7ebd0f54eaaa8f9c97fe8aa15,packaging_modified,89bebc3870c7d2d4c0f0c9eca3f102c9802804faed6266f7ff1cc88958012dfe
requirements_tif_to_traj.txt,D:\UGVR\Stanley\Genomic DNA Dynamics Predict Chromatin Density\code\OligoLiveFish-ML-ZZH\requirements_tif_to_traj.txt,9f4e28a7bdaa6847e876fa9e3de059de197d0441,49aa2be89653e13909429303f99f836523ccea460a4adc8c9381ef3aa95f0684,packaging_modified,bd307cd6ba30db3a672fccae66debb3d701aefd709de2e9a34ee27ff3555e9dd
tests/test_anchor_roi_v4.py,D:\UGVR\Stanley\Genomic DNA Dynamics Predict Chromatin Density\code\OligoLiveFish-ML-ZZH\tests\test_anchor_roi_v4.py,9f4e28a7bdaa6847e876fa9e3de059de197d0441,881889a055846c45bcf9e23c692e6a71d4d57e30d269cc4fc875355008612178,unchanged,881889a055846c45bcf9e23c692e6a71d4d57e30d269cc4fc875355008612178
tests/test_bp1_formal_stage.py,D:\UGVR\Stanley\Genomic DNA Dynamics Predict Chromatin Density\code\OligoLiveFish-ML-ZZH\tests\test_bp1_formal_stage.py,9f4e28a7bdaa6847e876fa9e3de059de197d0441,ac4dd80f908e211d78d163bb2e3b308e5425905042bc3760c50f06039604fdcf,unchanged,ac4dd80f908e211d78d163bb2e3b308e5425905042bc3760c50f06039604fdcf
tests/test_bp1_locus_metrics.py,D:\UGVR\Stanley\Genomic DNA Dynamics Predict Chromatin Density\code\OligoLiveFish-ML-ZZH\tests\test_bp1_locus_metrics.py,9f4e28a7bdaa6847e876fa9e3de059de197d0441,69075997d20541dbfd969008f57c6ddb2c0887413197750a5993d5a04bda2674,unchanged,69075997d20541dbfd969008f57c6ddb2c0887413197750a5993d5a04bda2674
tests/test_candidate_preserving_qc.py,D:\UGVR\Stanley\Genomic DNA Dynamics Predict Chromatin Density\code\OligoLiveFish-ML-ZZH\tests\test_candidate_preserving_qc.py,9f4e28a7bdaa6847e876fa9e3de059de197d0441,baba7dd35fa61b2f9675d5ae36d8002e8ce3629f169d570c3fddcd88254925e9,unchanged,baba7dd35fa61b2f9675d5ae36d8002e8ce3629f169d570c3fddcd88254925e9
tests/test_candidate_selection.py,D:\UGVR\Stanley\Genomic DNA Dynamics Predict Chromatin Density\code\OligoLiveFish-ML-ZZH\tests\test_candidate_selection.py,9f4e28a7bdaa6847e876fa9e3de059de197d0441,8de74dbf1ca811a60920cce2ecd1c7138814dc8995356ea54198d417b83d26c5,unchanged,8de74dbf1ca811a60920cce2ecd1c7138814dc8995356ea54198d417b83d26c5
tests/test_nd2_time_metadata.py,D:\UGVR\Stanley\Genomic DNA Dynamics Predict Chromatin Density\code\OligoLiveFish-ML-ZZH\tests\test_nd2_time_metadata.py,9f4e28a7bdaa6847e876fa9e3de059de197d0441,5af98b016dd57d6e9a75f93cb2f65e3583af3e65771a968d2caef28b2658534c,unchanged,5af98b016dd57d6e9a75f93cb2f65e3583af3e65771a968d2caef28b2658534c
tests/test_spt_batch_global_gap_integration.m,D:\UGVR\Stanley\Genomic DNA Dynamics Predict Chromatin Density\code\OligoLiveFish-ML-ZZH\tests\test_spt_batch_global_gap_integration.m,9f4e28a7bdaa6847e876fa9e3de059de197d0441,297f9ef084d7019278eb752b4f82666bb4bb22f405ceaf417308cdbbd47ec563,unchanged,297f9ef084d7019278eb752b4f82666bb4bb22f405ceaf417308cdbbd47ec563
tests/test_spt_track_global_gap_contract.py,D:\UGVR\Stanley\Genomic DNA Dynamics Predict Chromatin Density\code\OligoLiveFish-ML-ZZH\tests\test_spt_track_global_gap_contract.py,9f4e28a7bdaa6847e876fa9e3de059de197d0441,449a53b377279da4c82ce032d3f90570d11b894a722d5d48a37d799b4ca6d8d9,unchanged,449a53b377279da4c82ce032d3f90570d11b894a722d5d48a37d799b4ca6d8d9
tests/test_spt_track_global_gap_memory.m,D:\UGVR\Stanley\Genomic DNA Dynamics Predict Chromatin Density\code\OligoLiveFish-ML-ZZH\tests\test_spt_track_global_gap_memory.m,9f4e28a7bdaa6847e876fa9e3de059de197d0441,d6ab7aade041b276623b61eba0d623748493be3481405fa2e52b7f6d62e00d44,unchanged,d6ab7aade041b276623b61eba0d623748493be3481405fa2e52b7f6d62e00d44
tests/test_spt_track_no_trajectory.m,D:\UGVR\Stanley\Genomic DNA Dynamics Predict Chromatin Density\code\OligoLiveFish-ML-ZZH\tests\test_spt_track_no_trajectory.m,9f4e28a7bdaa6847e876fa9e3de059de197d0441,b5ce6bd7f24aa8c79f3a580ff774d873a34b14efe10d977e6c9e88dac9e16982,unchanged,b5ce6bd7f24aa8c79f3a580ff774d873a34b14efe10d977e6c9e88dac9e16982
tests/test_v42_v5_spt_batch_gap_control.m,D:\UGVR\Stanley\Genomic DNA Dynamics Predict Chromatin Density\code\OligoLiveFish-ML-ZZH\tests\test_v42_v5_spt_batch_gap_control.m,9f4e28a7bdaa6847e876fa9e3de059de197d0441,dc77ae95f27ee7285ca515a128959996591f035426dc7c7d132b336899d3b436,unchanged,dc77ae95f27ee7285ca515a128959996591f035426dc7c7d132b336899d3b436
tests/test_v51_final_strategy.py,D:\UGVR\Stanley\Genomic DNA Dynamics Predict Chromatin Density\code\OligoLiveFish-ML-ZZH\tests\test_v51_final_strategy.py,9f4e28a7bdaa6847e876fa9e3de059de197d0441,f920084f35536bd344f230b2a2baa1f80ec5b816c470ae1732af640e54dbbc50,unchanged,f920084f35536bd344f230b2a2baa1f80ec5b816c470ae1732af640e54dbbc50
trajectory_extraction/README.md,D:\UGVR\Stanley\Genomic DNA Dynamics Predict Chromatin Density\code\OligoLiveFish-ML-ZZH\trajectory_extraction\README.md,9f4e28a7bdaa6847e876fa9e3de059de197d0441,15c5506ea751713c95119c8ebb5bb7643ff5349be55fd682f65705c4738ddb35,packaging_modified,1e4ced2f76ada9d301b0dcd122d3f01584dd8ae089ace38d8b50e30e341c1ae1
trajectory_extraction/pipeline/align_microsam_mask.py,D:\UGVR\Stanley\Genomic DNA Dynamics Predict Chromatin Density\code\OligoLiveFish-ML-ZZH\trajectory_extraction\pipeline\align_microsam_mask.py,9f4e28a7bdaa6847e876fa9e3de059de197d0441,a095cc5c440934a52e59ebc37216e341a9de792f361fbf9f6f601ae9287dbf02,unchanged,a095cc5c440934a52e59ebc37216e341a9de792f361fbf9f6f601ae9287dbf02
trajectory_extraction/pipeline/auto_roi_for_published_v2.13.py,D:\UGVR\Stanley\Genomic DNA Dynamics Predict Chromatin Density\code\OligoLiveFish-ML-ZZH\trajectory_extraction\pipeline\auto_roi_for_published_v2.13.py,9f4e28a7bdaa6847e876fa9e3de059de197d0441,99fa166e4bde34173eb997a36627991c1fbee6a8bbaf9af47345bc30e5e991c6,unchanged,99fa166e4bde34173eb997a36627991c1fbee6a8bbaf9af47345bc30e5e991c6
trajectory_extraction/pipeline/bp1_locus_metrics.py,D:\UGVR\Stanley\Genomic DNA Dynamics Predict Chromatin Density\code\OligoLiveFish-ML-ZZH\trajectory_extraction\pipeline\bp1_locus_metrics.py,9f4e28a7bdaa6847e876fa9e3de059de197d0441,ba93cd862736a54feb57013050044920dc7bd1ba57215084eb35095d03d5bf9d,unchanged,ba93cd862736a54feb57013050044920dc7bd1ba57215084eb35095d03d5bf9d
trajectory_extraction/pipeline/coordinate_system.py,D:\UGVR\Stanley\Genomic DNA Dynamics Predict Chromatin Density\code\OligoLiveFish-ML-ZZH\trajectory_extraction\pipeline\coordinate_system.py,9f4e28a7bdaa6847e876fa9e3de059de197d0441,cc2613d1c19eed72530a473588f6cc3167042f9707376b6e90b9a6921965c345,unchanged,cc2613d1c19eed72530a473588f6cc3167042f9707376b6e90b9a6921965c345
trajectory_extraction/pipeline/experiment_profiles.py,D:\UGVR\Stanley\Genomic DNA Dynamics Predict Chromatin Density\code\OligoLiveFish-ML-ZZH\trajectory_extraction\pipeline\experiment_profiles.py,9f4e28a7bdaa6847e876fa9e3de059de197d0441,639900b683f0c57741bc0923010ba19a21d29d7583bdba7ab344e364fb09f634,unchanged,639900b683f0c57741bc0923010ba19a21d29d7583bdba7ab344e364fb09f634
trajectory_extraction/pipeline/export_bp1_locus_metrics.py,D:\UGVR\Stanley\Genomic DNA Dynamics Predict Chromatin Density\code\OligoLiveFish-ML-ZZH\trajectory_extraction\pipeline\export_bp1_locus_metrics.py,9f4e28a7bdaa6847e876fa9e3de059de197d0441,715ef66366f62ff36c93c3dbc1836d4c99c4bfb26f75d6241e0c9a879574f295,unchanged,715ef66366f62ff36c93c3dbc1836d4c99c4bfb26f75d6241e0c9a879574f295
trajectory_extraction/pipeline/fiji_preprocess.py,D:\UGVR\Stanley\Genomic DNA Dynamics Predict Chromatin Density\code\OligoLiveFish-ML-ZZH\trajectory_extraction\pipeline\fiji_preprocess.py,9f4e28a7bdaa6847e876fa9e3de059de197d0441,cf80943690729cb0e9eaa797a614f2b5a23a98ebf48a3899b60b8722e753fff9,unchanged,cf80943690729cb0e9eaa797a614f2b5a23a98ebf48a3899b60b8722e753fff9
trajectory_extraction/pipeline/headless_Macro_first_steps_for_published.ijm,D:\UGVR\Stanley\Genomic DNA Dynamics Predict Chromatin Density\code\OligoLiveFish-ML-ZZH\trajectory_extraction\pipeline\headless_Macro_first_steps_for_published.ijm,9f4e28a7bdaa6847e876fa9e3de059de197d0441,91417e6530e8f3e1cd14a1ce1fdce9bdd76c8e1458f5e2495c57d9a1fd053f09,unchanged,91417e6530e8f3e1cd14a1ce1fdce9bdd76c8e1458f5e2495c57d9a1fd053f09
trajectory_extraction/pipeline/matlab_deps/bpass.m,D:\UGVR\Stanley\Genomic DNA Dynamics Predict Chromatin Density\code\OligoLiveFish-ML-ZZH\trajectory_extraction\pipeline\matlab_deps\bpass.m,9f4e28a7bdaa6847e876fa9e3de059de197d0441,a4036c8aede4b2707ee99def1fc47ceb7075b8753e6c2e7eaf08797903e05e32,unchanged,a4036c8aede4b2707ee99def1fc47ceb7075b8753e6c2e7eaf08797903e05e32
trajectory_extraction/pipeline/matlab_deps/centfind.m,D:\UGVR\Stanley\Genomic DNA Dynamics Predict Chromatin Density\code\OligoLiveFish-ML-ZZH\trajectory_extraction\pipeline\matlab_deps\centfind.m,9f4e28a7bdaa6847e876fa9e3de059de197d0441,ee64fd446d86f2df31bdda9de8b05dbabb2e5eb1e17ed43e0a3d8bbbc7a893be,unchanged,ee64fd446d86f2df31bdda9de8b05dbabb2e5eb1e17ed43e0a3d8bbbc7a893be
trajectory_extraction/pipeline/matlab_deps/gauss2D.m,D:\UGVR\Stanley\Genomic DNA Dynamics Predict Chromatin Density\code\OligoLiveFish-ML-ZZH\trajectory_extraction\pipeline\matlab_deps\gauss2D.m,9f4e28a7bdaa6847e876fa9e3de059de197d0441,58bc41aaffbf3cb515fb630dd1cfe187e8cc05e380eec0853c913c88ed4b84b4,unchanged,58bc41aaffbf3cb515fb630dd1cfe187e8cc05e380eec0853c913c88ed4b84b4
trajectory_extraction/pipeline/matlab_deps/pkRefnd.m,D:\UGVR\Stanley\Genomic DNA Dynamics Predict Chromatin Density\code\OligoLiveFish-ML-ZZH\trajectory_extraction\pipeline\matlab_deps\pkRefnd.m,9f4e28a7bdaa6847e876fa9e3de059de197d0441,9e66e6e97091c22d7e7c1a1cb4e3ef5ccc69359ec68f086049d074270eddd62d,unchanged,9e66e6e97091c22d7e7c1a1cb4e3ef5ccc69359ec68f086049d074270eddd62d
trajectory_extraction/pipeline/matlab_deps/pkfnd.m,D:\UGVR\Stanley\Genomic DNA Dynamics Predict Chromatin Density\code\OligoLiveFish-ML-ZZH\trajectory_extraction\pipeline\matlab_deps\pkfnd.m,9f4e28a7bdaa6847e876fa9e3de059de197d0441,7c8c4b736f1eec1e2e2e3f9a944fdfb0c2930dabd9dcd712f04ccce1a98457a6,unchanged,7c8c4b736f1eec1e2e2e3f9a944fdfb0c2930dabd9dcd712f04ccce1a98457a6
trajectory_extraction/pipeline/matlab_deps/spt_fndpos.m,D:\UGVR\Stanley\Genomic DNA Dynamics Predict Chromatin Density\code\OligoLiveFish-ML-ZZH\trajectory_extraction\pipeline\matlab_deps\spt_fndpos.m,9f4e28a7bdaa6847e876fa9e3de059de197d0441,dc63ef8cee54e7e007320e92154265e2c599380950e2b0ba26dfe093e4999897,unchanged,dc63ef8cee54e7e007320e92154265e2c599380950e2b0ba26dfe093e4999897
trajectory_extraction/pipeline/matlab_deps/spt_interactive.m,D:\UGVR\Stanley\Genomic DNA Dynamics Predict Chromatin Density\code\OligoLiveFish-ML-ZZH\trajectory_extraction\pipeline\matlab_deps\spt_interactive.m,9f4e28a7bdaa6847e876fa9e3de059de197d0441,36b6dedac5675359002d1ae0c3dfa632638d67a4e5bf2c08666b0d1d0567b9f1,unchanged,36b6dedac5675359002d1ae0c3dfa632638d67a4e5bf2c08666b0d1d0567b9f1
trajectory_extraction/pipeline/matlab_deps/spt_track.m,D:\UGVR\Stanley\Genomic DNA Dynamics Predict Chromatin Density\code\OligoLiveFish-ML-ZZH\trajectory_extraction\pipeline\matlab_deps\spt_track.m,9f4e28a7bdaa6847e876fa9e3de059de197d0441,3eee10e4e8a4ea3cde205ca73cc76e9c31c64335f38d661d456870c1f5e4f3be,unchanged,3eee10e4e8a4ea3cde205ca73cc76e9c31c64335f38d661d456870c1f5e4f3be
trajectory_extraction/pipeline/matlab_deps/tiffread.m,D:\UGVR\Stanley\Genomic DNA Dynamics Predict Chromatin Density\code\OligoLiveFish-ML-ZZH\trajectory_extraction\pipeline\matlab_deps\tiffread.m,9f4e28a7bdaa6847e876fa9e3de059de197d0441,f560966ee5720ef4408927b50768b7ca32e64b4aa201d566b894a5f5d999f0f3,unchanged,f560966ee5720ef4408927b50768b7ca32e64b4aa201d566b894a5f5d999f0f3
trajectory_extraction/pipeline/matlab_deps/tiffwrite.m,D:\UGVR\Stanley\Genomic DNA Dynamics Predict Chromatin Density\code\OligoLiveFish-ML-ZZH\trajectory_extraction\pipeline\matlab_deps\tiffwrite.m,9f4e28a7bdaa6847e876fa9e3de059de197d0441,16211ae8d6869e9f52f340fc846ee1a9113dc009868c59ddae6c20d331873e51,unchanged,16211ae8d6869e9f52f340fc846ee1a9113dc009868c59ddae6c20d331873e51
trajectory_extraction/pipeline/matlab_deps/track.m,D:\UGVR\Stanley\Genomic DNA Dynamics Predict Chromatin Density\code\OligoLiveFish-ML-ZZH\trajectory_extraction\pipeline\matlab_deps\track.m,9f4e28a7bdaa6847e876fa9e3de059de197d0441,13e71443cac882d5416fd060cb444fec65215bb4273a207631e1341ed0a91071,unchanged,13e71443cac882d5416fd060cb444fec65215bb4273a207631e1341ed0a91071
trajectory_extraction/pipeline/max_step_model.py,D:\UGVR\Stanley\Genomic DNA Dynamics Predict Chromatin Density\code\OligoLiveFish-ML-ZZH\trajectory_extraction\pipeline\max_step_model.py,9f4e28a7bdaa6847e876fa9e3de059de197d0441,769fdace41b7e9e27daf649a0f17b1e709ad499cba28c6fa50f882f030408faa,unchanged,769fdace41b7e9e27daf649a0f17b1e709ad499cba28c6fa50f882f030408faa
trajectory_extraction/pipeline/plot_longest_trajectories.m,D:\UGVR\Stanley\Genomic DNA Dynamics Predict Chromatin Density\code\OligoLiveFish-ML-ZZH\trajectory_extraction\pipeline\plot_longest_trajectories.m,9f4e28a7bdaa6847e876fa9e3de059de197d0441,c401f4b6480e86dbb7e2fe5d85e33ec26e535aa948142d170fa77bc8e0490c66,unchanged,c401f4b6480e86dbb7e2fe5d85e33ec26e535aa948142d170fa77bc8e0490c66
trajectory_extraction/pipeline/run_anchor_roi_spt.py,D:\UGVR\Stanley\Genomic DNA Dynamics Predict Chromatin Density\code\OligoLiveFish-ML-ZZH\trajectory_extraction\pipeline\run_anchor_roi_spt.py,9f4e28a7bdaa6847e876fa9e3de059de197d0441,4387df9e95964f986b952f154e9776026b33e403053a346987bafaa20ae7d02a,unchanged,4387df9e95964f986b952f154e9776026b33e403053a346987bafaa20ae7d02a
trajectory_extraction/pipeline/spt_batch.m,D:\UGVR\Stanley\Genomic DNA Dynamics Predict Chromatin Density\code\OligoLiveFish-ML-ZZH\trajectory_extraction\pipeline\spt_batch.m,9f4e28a7bdaa6847e876fa9e3de059de197d0441,6ec9ce693387820db9b3191200a65f1ec5385e7a5b5482e554ba84475f8420f0,unchanged,6ec9ce693387820db9b3191200a65f1ec5385e7a5b5482e554ba84475f8420f0
trajectory_extraction/pipeline/spt_batch_anchor_roi.m,D:\UGVR\Stanley\Genomic DNA Dynamics Predict Chromatin Density\code\OligoLiveFish-ML-ZZH\trajectory_extraction\pipeline\spt_batch_anchor_roi.m,9f4e28a7bdaa6847e876fa9e3de059de197d0441,957c0c87b72b711e45b703a809a1c68b23307223280a48867e1998041e1870c2,unchanged,957c0c87b72b711e45b703a809a1c68b23307223280a48867e1998041e1870c2
trajectory_extraction/pipeline/validate_v52_reference_strategy.py,D:\UGVR\Stanley\Genomic DNA Dynamics Predict Chromatin Density\code\OligoLiveFish-ML-ZZH\trajectory_extraction\pipeline\validate_v52_reference_strategy.py,9f4e28a7bdaa6847e876fa9e3de059de197d0441,2d0e6ab68445530f58b652701852197e4a5b4fedf6f64510b7ac85608cb252ea,unchanged,2d0e6ab68445530f58b652701852197e4a5b4fedf6f64510b7ac85608cb252ea
trajectory_extraction/pipeline/visualize_anchor_roi_results.py,D:\UGVR\Stanley\Genomic DNA Dynamics Predict Chromatin Density\code\OligoLiveFish-ML-ZZH\trajectory_extraction\pipeline\visualize_anchor_roi_results.py,9f4e28a7bdaa6847e876fa9e3de059de197d0441,b41158d7fdbb9f9313b334415906a6b1c24a4467de94cf48f9a28f75ca71f776,unchanged,b41158d7fdbb9f9313b334415906a6b1c24a4467de94cf48f9a28f75ca71f776
trajectory_extraction/run_batch_pipeline_v4.py,D:\UGVR\Stanley\Genomic DNA Dynamics Predict Chromatin Density\code\OligoLiveFish-ML-ZZH\trajectory_extraction\run_batch_pipeline_v4.py,9f4e28a7bdaa6847e876fa9e3de059de197d0441,e68c21fdbde35b3046d645b930bb5494a0f4da6d018434ff055df569036c7b73,packaging_modified,87a2df71a8e247fdf90e3a8973db7432b7994af3e3286458463109a00c023dde
trajectory_extraction/run_full_pipeline_v4.py,D:\UGVR\Stanley\Genomic DNA Dynamics Predict Chromatin Density\code\OligoLiveFish-ML-ZZH\trajectory_extraction\run_full_pipeline_v4.py,9f4e28a7bdaa6847e876fa9e3de059de197d0441,ef964ddf992ed416d4bff31be7c5e585e900273d2cc14b51df2b3594760a1207,unchanged,ef964ddf992ed416d4bff31be7c5e585e900273d2cc14b51df2b3594760a1207
